Covariants	Count	Coverage_start	Coverage_end	Max_count	Freq
G22813T(S:K417N) T22882G(S:N440K) T22917G(S:L452R)	1371	22793	22970	5728	0.23935055865921787
G22578A(S:G339D)	958	22368	22684	4119	0.232580723476572
T22882G(S:N440K) T22917G(S:L452R) G22992A(S:S477N) C22995A(S:T478K) A23013C(S:E484A) T23018G(S:F486V)	360	22876	23050	1144	0.3146853146853147
G22813T(S:K417N) T22882G(S:N440K)	232	22793	22971	5871	0.039516266394140694
(22572,1)(S:DEL338) G22578A(S:G339D)	226	22368	22685	4118	0.054881010199125786
(22487,1)(S:DEL310) G22578A(S:G339D)	224	22368	22583	3597	0.06227411731998888
A23013C(S:E484A) T23018G(S:F486V) A23055G(S:Q498R) A23063T(S:N501Y) T23075C(S:Y505H)	194	23008	23227	1113	0.17430368373764601
G22813T(S:K417N) T22882G(S:N440K) T22917G(S:L452R) (22950,1)(S:DEL464)	172	22793	22968	5471	0.031438493876804974
T22882G(S:N440K) T22917G(S:L452R)	141	22793	22992	7577	0.01860894813250627
G22813T(S:K417N) T22882G(S:N440K) (22906,2)(S:DEL449) T22917G(S:L452R)	134	22793	22967	5728	0.02339385474860335
G22813T(S:K417N) T22882G(S:N440K) A22893C(S:K444T) T22917G(S:L452R)	105	22793	22970	5728	0.01833100558659218
G22578A(S:G339D) C22674T(S:S371F) T22679C(S:S373P)	104	22494	22686	437	0.2379862700228833
T22882G(S:N440K)	90	22793	22990	7734	0.011636927851047323
G22813T(S:K417N) T22882G(S:N440K) T22917G(S:L452R) (22927,1)(S:DEL456)	89	22793	22968	5686	0.015652479774885684
T22882G(S:N440K) G22992A(S:S477N) C22995A(S:T478K) A23013C(S:E484A) T23018G(S:F486V)	88	22876	23050	1144	0.07692307692307693
(22487,1)(S:DEL310) (22572,1)(S:DEL338) G22578A(S:G339D)	73	22368	22581	3597	0.020294690019460663
C23230T(S:N556N)	67	23089	23294	1942	0.0345005149330587
T22917G(S:L452R)	67	22793	22982	7836	0.008550280755487494
G22813T(S:K417N) T22882G(S:N440K) (22950,1)(S:DEL464)	65	22793	22968	5471	0.011880826174373972
(22487,1)(S:DEL310) (22502,1)(S:DEL315) G22578A(S:G339D)	61	22368	22581	3597	0.016958576591604116
C23191T(S:F543F)	54	23089	23294	3290	0.01641337386018237
(22502,1)(S:DEL315) G22578A(S:G339D)	52	22368	22581	4082	0.012738853503184714
T22882G(S:N440K) T22917G(S:L452R) C22995A(S:T478K) A23013C(S:E484A) T23018G(S:F486V)	51	22876	23050	1144	0.044580419580419584
G22813T(S:K417N) (22845,1)(S:DEL429) T22882G(S:N440K) T22917G(S:L452R)	49	22793	22968	5728	0.008554469273743016
(23143,1)(S:DEL528) (23164,1)(S:DEL535)	46	23089	23292	3322	0.013847080072245636
G22813T(S:K417N)	44	22777	22972	6036	0.00728959575878065
T22882G(S:N440K) A22893C(S:K444T) T22917G(S:L452R) G22992A(S:S477N) C22995A(S:T478K) A23013C(S:E484A) T23018G(S:F486V)	44	22876	23049	1144	0.038461538461538464
A23013C(S:E484A) T23018G(S:F486V) A23055G(S:Q498R) A23063T(S:N501Y) T23075C(S:Y505H) (23143,1)(S:DEL528)	44	23008	23225	1073	0.04100652376514446
(22809,1)(S:DEL417) T22882G(S:N440K) T22917G(S:L452R)	42	22793	22967	5714	0.007350367518375919
(23230,1)(S:DEL557)	40	23089	23291	1940	0.020618556701030927
G22813T(S:K417N) T22882G(S:N440K) T22917G(S:L452R) (22945,1)(S:DEL462)	40	22793	22967	5542	0.007217610970768676
(23143,1)(S:DEL528)	34	23080	23292	3357	0.01012809055704498
G22813T(S:K417N) T22917G(S:L452R)	34	22793	22971	5728	0.005935754189944134
(23164,1)(S:DEL535)	33	23085	23291	3356	0.009833134684147794
(22802,1)(S:DEL415) G22813T(S:K417N) T22882G(S:N440K) T22917G(S:L452R)	33	22793	22969	5640	0.005851063829787234
A23055G(S:Q498R) A23063T(S:N501Y) T23075C(S:Y505H)	32	23015	23226	1337	0.02393418100224383
(23196,'T')(S:INS546)	32	23089	23298	3273	0.00977696303085854
(22809,1)(S:DEL417) G22813T(S:K417N) T22882G(S:N440K) T22917G(S:L452R)	32	22793	22967	5714	0.0056002800140007
(22383,1)(S:DEL275) G22578A(S:G339D)	31	22368	22582	3443	0.009003775776938717
G22813T(S:K417N) T22882G(S:N440K) T22917G(S:L452R) (22964,1)(S:DEL469)	31	22793	22968	4177	0.007421594445774479
(22950,1)(S:DEL464)	30	22793	22971	7727	0.0038824899702342435
(22802,1)(S:DEL415) T22882G(S:N440K) T22917G(S:L452R)	30	22793	22966	5640	0.005319148936170213
(22839,'C')(S:INS427) T22882G(S:N440K) T22917G(S:L452R)	27	22793	22971	6050	0.004462809917355372
A22489G(S:E309E) G22578A(S:G339D)	27	22368	22582	3599	0.0075020839121978326
T22882G(S:N440K) T22917G(S:L452R) (22950,1)(S:DEL464)	27	22793	22969	7300	0.0036986301369863013
G22578A(S:G339D) C22674T(S:S371F)	26	22494	22686	467	0.055674518201284794
G22578A(S:G339D) T22679C(S:S373P)	26	22494	22687	437	0.059496567505720827
(23103,1)(S:DEL515)	24	23075	23291	3324	0.007220216606498195
T22882G(S:N440K) (22950,1)(S:DEL464)	24	22793	22968	7300	0.0032876712328767125
(22802,1)(S:DEL415) (22809,1)(S:DEL417) T22882G(S:N440K) T22917G(S:L452R)	22	22793	22967	5640	0.003900709219858156
G22813T(S:K417N) T22882G(S:N440K) T22917G(S:L452R) (22949,2)(S:DEL464)	22	22793	22967	5471	0.004021202705172729
G22813T(S:K417N) T22882G(S:N440K) (22906,2)(S:DEL449)	21	22793	22967	5788	0.0036281962681409814
(22839,'T')(S:INS427) T22882G(S:N440K) T22917G(S:L452R)	21	22793	22970	6050	0.003471074380165289
(22513,1)(S:DEL318) G22578A(S:G339D)	21	22368	22581	4087	0.005138243210178615
G22813T(S:K417N) T22882G(S:N440K) (22906,2)(S:DEL449) T22917G(S:L452R) (22950,1)(S:DEL464)	21	22793	22964	5471	0.003838420764028514
(22392,1)(S:DEL278) G22578A(S:G339D)	20	22368	22581	3463	0.005775339301183945
(22964,1)(S:DEL469)	20	22886	22967	6255	0.0031974420463629096
A23013C(S:E484A) T23018G(S:F486V) A23055G(S:Q498R) A23063T(S:N501Y) T23075C(S:Y505H) (23103,1)(S:DEL515)	20	23008	23224	1098	0.018214936247723135
T22917G(S:L452R) G22992A(S:S477N) C22995A(S:T478K) A23013C(S:E484A) T23018G(S:F486V)	19	22876	23049	1197	0.015873015873015872
(22383,'T')(S:INS275) G22578A(S:G339D)	19	22368	22585	3443	0.00551844321812373
T22882G(S:N440K) (22914,1)(S:DEL452) G22992A(S:S477N) C22995A(S:T478K) A23013C(S:E484A) T23018G(S:F486V)	19	22876	23048	1144	0.016608391608391608
(23230,'A')(S:INS557)	19	23089	23294	1942	0.009783728115345005
T23018G(S:F486V) A23055G(S:Q498R) A23063T(S:N501Y) T23075C(S:Y505H)	19	23008	23226	1198	0.015859766277128547
(22403,1)(S:DEL282) (22487,1)(S:DEL310) G22578A(S:G339D)	19	22368	22580	3501	0.005427020851185376
G22813T(S:K417N) T22882G(S:N440K) T22917G(S:L452R) (22927,1)(S:DEL456) (22950,1)(S:DEL464)	18	22793	22967	5471	0.003290074940595869
(22829,'C')(S:INS424) (22839,'T')(S:INS427) T22882G(S:N440K) T22917G(S:L452R)	18	22793	22970	5966	0.0030170968823332216
(23143,1)(S:DEL528) (23164,1)(S:DEL535) (23230,1)(S:DEL557)	18	23089	23288	1915	0.009399477806788513
(22487,1)(S:DEL310)	18	22368	22580	4215	0.004270462633451958
A23013C(S:E484A) T23018G(S:F486V) A23055G(S:Q498R) A23063T(S:N501Y) T23075C(S:Y505H) (23164,1)(S:DEL535)	17	23008	23224	1052	0.016159695817490494
G22813T(S:K417N) A22878G(S:N439S) T22882G(S:N440K) T22917G(S:L452R)	17	22793	22968	5728	0.002967877094972067
A23013C(S:E484A) T23018G(S:F486V) (23049,1)(S:DEL497) A23055G(S:Q498R) A23063T(S:N501Y) T23075C(S:Y505H)	17	23008	23224	1113	0.015274034141958671
T22882G(S:N440K) A22893C(S:K444T) G22992A(S:S477N) C22995A(S:T478K) A23013C(S:E484A) T23018G(S:F486V)	17	22876	23052	1144	0.01486013986013986
(22383,1)(S:DEL275) (22572,1)(S:DEL338) G22578A(S:G339D)	16	22368	22580	3443	0.004647110078419983
(22487,1)(S:DEL310) (22502,1)(S:DEL315) (22513,1)(S:DEL318) G22578A(S:G339D)	16	22368	22579	3597	0.004448151237142063
G22813T(S:K417N) T22882G(S:N440K) (22927,1)(S:DEL456)	16	22793	22969	5686	0.0028139289482940555
(22949,2)(S:DEL464)	15	22891	22966	7725	0.001941747572815534
T22882G(S:N440K) C22995A(S:T478K) A23013C(S:E484A) T23018G(S:F486V)	15	22876	23049	1144	0.013111888111888112
G22992A(S:S477N) C22995A(S:T478K) A23013C(S:E484A) T23018G(S:F486V)	15	22876	23050	1213	0.01236603462489695
G22813T(S:K417N) (22839,'T')(S:INS427) T22882G(S:N440K) T22917G(S:L452R)	15	22793	22969	5728	0.0026187150837988825
G22578A(S:G339D) (22583,1)(S:DEL342) C22674T(S:S371F) T22679C(S:S373P)	15	22494	22685	437	0.034324942791762014
(22798,1)(S:DEL413) G22813T(S:K417N) T22882G(S:N440K) T22917G(S:L452R)	15	22793	22968	5572	0.0026920315865039484
(22403,1)(S:DEL282) G22578A(S:G339D)	14	22368	22582	3501	0.003998857469294488
A23013C(S:E484A) T23018G(S:F486V) A23055G(S:Q498R) A23063T(S:N501Y) T23075C(S:Y505H) A23080G(S:Q506Q)	14	23008	23225	1113	0.012578616352201259
(22798,1)(S:DEL413) G22813T(S:K417N) T22882G(S:N440K) T22917G(S:L452R) (22950,1)(S:DEL464)	14	22793	22966	5321	0.002631084382634843
A23013C(S:E484A) T23018G(S:F486V) (23029,1)(S:DEL490) A23055G(S:Q498R) A23063T(S:N501Y) T23075C(S:Y505H)	13	23008	23226	1113	0.011680143755615454
(23143,1)(S:DEL528) (23230,1)(S:DEL557)	13	23089	23289	1915	0.006788511749347258
(22914,1)(S:DEL452)	13	22829	22969	7852	0.0016556291390728477
G22813T(S:K417N) T22882G(S:N440K) (22949,2)(S:DEL464)	13	22793	22967	5471	0.0023761652348747945
C23191T(S:F543F) (23230,1)(S:DEL557)	13	23089	23292	1940	0.006701030927835051
(22412,1)(S:DEL285) G22578A(S:G339D)	13	22368	22584	3532	0.003680634201585504
T22882G(S:N440K) T22917G(S:L452R) G22992A(S:S477N) C22995A(S:T478K) A23013C(S:E484A) T23018G(S:F486V) (23029,1)(S:DEL490)	12	22876	23047	1137	0.010554089709762533
T22882G(S:N440K) (22913,1)(S:DEL452) T22917G(S:L452R) G22992A(S:S477N) C22995A(S:T478K) A23013C(S:E484A) T23018G(S:F486V)	12	22876	23048	1144	0.01048951048951049
(22487,1)(S:DEL310) (22513,1)(S:DEL318) G22578A(S:G339D)	12	22368	22579	3597	0.003336113427856547
G22813T(S:K417N) T22882G(S:N440K) (22914,1)(S:DEL452)	12	22793	22968	5744	0.0020891364902506965
(23099,1)(S:DEL514)	12	23089	23290	3320	0.0036144578313253013
(22392,1)(S:DEL278) (22572,1)(S:DEL338) G22578A(S:G339D)	12	22368	22580	3463	0.0034652035807103665
(23099,1)(S:DEL514) (23143,1)(S:DEL528) (23164,1)(S:DEL535)	12	23089	23288	3232	0.0037128712871287127
A23013C(S:E484A) T23018G(S:F486V) A23055G(S:Q498R) A23063T(S:N501Y)	12	23008	23225	1115	0.010762331838565023
(22802,1)(S:DEL415) G22813T(S:K417N) T22882G(S:N440K) T22917G(S:L452R) (22927,1)(S:DEL456)	11	22793	22966	5599	0.0019646365422396855
(22502,1)(S:DEL315) (22513,1)(S:DEL318) G22578A(S:G339D)	11	22368	22656	4082	0.0026947574718275357
(22950,1)(S:DEL464) (22964,1)(S:DEL469)	11	22886	22966	6225	0.0017670682730923696
T22917G(S:L452R) (22950,1)(S:DEL464)	11	22793	22970	7555	0.001455989410986102
(22809,1)(S:DEL417) G22813T(S:K417N) T22882G(S:N440K) T22917G(S:L452R) (22927,1)(S:DEL456)	11	22793	22965	5672	0.0019393511988716502
G22813T(S:K417N) T22882G(S:N440K) (22906,2)(S:DEL449) T22917G(S:L452R) (22945,1)(S:DEL462)	11	22793	22964	5542	0.001984843016961386
(22572,1)(S:DEL338) G22578A(S:G339D) C22674T(S:S371F) T22679C(S:S373P)	11	22494	22684	436	0.02522935779816514
A23013C(S:E484A) T23018G(S:F486V) A23055G(S:Q498R) A23063T(S:N501Y) T23075C(S:Y505H) (23143,1)(S:DEL528) (23164,1)(S:DEL535)	10	23008	23223	1052	0.009505703422053232
(23099,1)(S:DEL514) (23143,1)(S:DEL528) (23164,1)(S:DEL535) (23230,1)(S:DEL557)	10	23089	23287	1844	0.005422993492407809
(22569,1)(S:DEL337) G22578A(S:G339D)	10	22368	22581	4115	0.002430133657351154
(22571,2)(S:DEL338) G22578A(S:G339D)	10	22368	22582	4117	0.002428953121204761
(22471,1)(S:DEL304) (22487,1)(S:DEL310) G22578A(S:G339D)	10	22368	22580	3584	0.0027901785714285715
(23099,1)(S:DEL514) C23230T(S:N556N)	10	23089	23290	1845	0.005420054200542005
C22674T(S:S371F) T22679C(S:S373P) C22686T(S:S375F) A22688G(S:T376A) G22775A(S:D405N) A22786C(S:R408S) G22813T(S:K417N)	10	22623	22835	95	0.10526315789473684
G22578A(S:G339D) T22662C(S:V367A) C22674T(S:S371F) T22679C(S:S373P)	10	22494	22685	437	0.02288329519450801
A23013C(S:E484A) T23018G(S:F486V) (23039,1)(S:DEL494) A23055G(S:Q498R) A23063T(S:N501Y) T23075C(S:Y505H) (23143,1)(S:DEL528)	10	23008	23224	1073	0.009319664492078284
G22813T(S:K417N) T22882G(S:N440K) T22889C(S:S443P) T22917G(S:L452R)	10	22793	22967	5728	0.0017458100558659217
G22813T(S:K417N) T22882G(S:N440K) A22893C(S:K444T)	10	22793	22968	5849	0.0017096939647803042
G22813T(S:K417N) T22882G(S:N440K) T22917G(S:L452R) (22950,1)(S:DEL464) (22964,1)(S:DEL469)	10	22793	22967	4177	0.0023940627244433805
A23013C(S:E484A) T23018G(S:F486V) A23063T(S:N501Y) T23075C(S:Y505H)	10	23008	23225	1113	0.008984725965858042
A23118G(S:H519R) C23191T(S:F543F)	10	23089	23295	3194	0.0031308703819661866
