Mutation Cluster	# Detections	First Detection	Last Detection	Samples Detected
S:K417N,S:N440K,S:L452R,S:R466G	40	2022-06-05	2022-10-24	['SB(2022-06-05)', 'SB(2022-06-30)', 'PL(2022-07-04)', 'PL(2022-07-06)', 'SB(2022-07-12)', 'SB(2022-07-14)', 'PL(2022-07-18)', 'ENC(2022-07-20)', 'PL(2022-07-24)', 'PL(2022-07-25)', 'PL(2022-07-27)', 'PL(2022-07-31)', 'SB(2022-07-31)', 'PL(2022-08-01)', 'SB(2022-08-02)', 'ENC(2022-08-04)', 'PL(2022-08-08)', 'ENC(2022-08-11)', 'PL(2022-08-14)', 'SB(2022-08-18)', 'ENC(2022-08-19)', 'PL(2022-08-21)', 'PL(2022-08-22)', 'SB(2022-08-23)', 'ENC(2022-08-23)', 'PL(2022-08-30)', 'ENC(2022-09-12)', 'PL(2022-09-12)', 'ENC(2022-09-13)', 'PL(2022-09-13)', 'SB(2022-09-13)', 'SB(2022-09-15)', 'ENC(2022-09-21)', 'ENC(2022-09-23)', 'PL(2022-09-25)', 'PL(2022-10-02)', 'SB(2022-10-04)', 'PL(2022-10-11)', 'ENC(2022-10-17)', 'PL(2022-10-24)']
S:K417N,S:N440E,S:L452R	36	2022-06-14	2022-10-16	['SB(2022-06-14)', 'SB(2022-06-30)', 'PL(2022-07-04)', 'ENC(2022-07-11)', 'SB(2022-07-12)', 'PL(2022-07-12)', 'ENC(2022-07-13)', 'SB(2022-07-14)', 'PL(2022-07-18)', 'PL(2022-07-24)', 'PL(2022-07-25)', 'PL(2022-07-27)', 'ENC(2022-07-28)', 'PL(2022-07-31)', 'SB(2022-07-31)', 'PL(2022-08-01)', 'SB(2022-08-02)', 'ENC(2022-08-04)', 'PL(2022-08-08)', 'SB(2022-08-18)', 'ENC(2022-08-19)', 'PL(2022-08-22)', 'SB(2022-08-23)', 'SB(2022-08-25)', 'ENC(2022-08-25)', 'PL(2022-08-30)', 'PL(2022-08-31)', 'PL(2022-09-12)', 'PL(2022-09-14)', 'PL(2022-09-25)', 'ENC(2022-09-29)', 'ENC(2022-10-03)', 'SB(2022-10-04)', 'ENC(2022-10-06)', 'PL(2022-10-09)', 'PL(2022-10-16)']
S:K417N,S:N440K,S:L452R,S:S459P	36	2022-06-08	2022-10-17	['PL(2022-06-08)', 'SB(2022-06-30)', 'PL(2022-07-04)', 'ENC(2022-07-08)', 'SB(2022-07-12)', 'PL(2022-07-12)', 'ENC(2022-07-13)', 'SB(2022-07-14)', 'PL(2022-07-18)', 'PL(2022-07-25)', 'PL(2022-07-27)', 'PL(2022-07-31)', 'SB(2022-07-31)', 'PL(2022-08-01)', 'SB(2022-08-02)', 'PL(2022-08-02)', 'ENC(2022-08-04)', 'PL(2022-08-08)', 'SB(2022-08-11)', 'SB(2022-08-18)', 'ENC(2022-08-19)', 'PL(2022-08-22)', 'SB(2022-08-23)', 'ENC(2022-08-23)', 'SB(2022-08-25)', 'PL(2022-08-30)', 'ENC(2022-09-07)', 'ENC(2022-09-12)', 'PL(2022-09-12)', 'ENC(2022-09-13)', 'PL(2022-09-13)', 'PL(2022-09-14)', 'SB(2022-09-15)', 'SB(2022-10-04)', 'ENC(2022-10-06)', 'PL(2022-10-17)']
S:K417N,S:S438P,S:N440K,S:L452R	34	2022-07-04	2022-10-26	['PL(2022-07-04)', 'SB(2022-07-05)', 'SB(2022-07-12)', 'PL(2022-07-12)', 'SB(2022-07-14)', 'SB(2022-07-19)', 'PL(2022-07-24)', 'PL(2022-07-25)', 'PL(2022-07-27)', 'PL(2022-07-31)', 'PL(2022-08-01)', 'SB(2022-08-02)', 'ENC(2022-08-04)', 'PL(2022-08-08)', 'ENC(2022-08-11)', 'PL(2022-08-14)', 'SB(2022-08-18)', 'PL(2022-08-22)', 'SB(2022-08-23)', 'SB(2022-08-25)', 'PL(2022-08-30)', 'PL(2022-08-31)', 'ENC(2022-09-06)', 'PL(2022-09-12)', 'ENC(2022-09-15)', 'SB(2022-09-18)', 'PL(2022-09-25)', 'ENC(2022-09-29)', 'PL(2022-10-04)', 'SB(2022-10-04)', 'ENC(2022-10-06)', 'PL(2022-10-09)', 'PL(2022-10-17)', 'PL(2022-10-26)']
S:K417N,S:N440K,S:V445P,S:G446S,S:N460K,S:K462L,S:DEL463	28	2022-12-30	2023-10-25	['ENC(2022-12-30)', 'ENC(2023-01-13)', 'PL(2023-01-16)', 'ENC(2023-01-17)', 'ENC(2023-01-19)', 'SB(2023-01-26)', 'SB(2023-03-09)', 'SB(2023-04-09)', 'PL(2023-07-17)', 'PL(2023-08-20)', 'PL(2023-08-21)', 'PL(2023-08-22)', 'PL(2023-08-23)', 'PL(2023-08-27)', 'SB(2023-08-29)', 'PL(2023-09-13)', 'PL(2023-09-19)', 'ENC(2023-10-05)', 'SB(2023-10-05)', 'SB(2023-10-08)', 'PL(2023-10-08)', 'PL(2023-10-09)', 'PL(2023-10-10)', 'PL(2023-10-11)', 'PL(2023-10-16)', 'PL(2023-10-18)', 'SB(2023-10-19)', 'PL(2023-10-25)']
S:K417N,S:N439S,S:N440K,S:L452R	27	2022-06-08	2022-11-23	['PL(2022-06-08)', 'SB(2022-06-30)', 'PL(2022-07-04)', 'SB(2022-07-12)', 'ENC(2022-07-13)', 'SB(2022-07-14)', 'ENC(2022-07-18)', 'ENC(2022-07-20)', 'PL(2022-07-24)', 'PL(2022-07-25)', 'PL(2022-07-31)', 'PL(2022-08-01)', 'SB(2022-08-02)', 'ENC(2022-08-04)', 'SB(2022-08-07)', 'PL(2022-08-08)', 'SB(2022-08-18)', 'ENC(2022-08-19)', 'PL(2022-08-30)', 'SB(2022-09-08)', 'PL(2022-09-12)', 'ENC(2022-09-21)', 'ENC(2022-09-29)', 'SB(2022-10-04)', 'PL(2022-10-09)', 'rerun(2022-11-14)', 'ENC(2022-11-23)']
S:K417N,S:W436R,S:N440K,S:L452R	27	2022-07-04	2022-10-09	['PL(2022-07-04)', 'PL(2022-07-18)', 'ENC(2022-07-20)', 'PL(2022-07-25)', 'PL(2022-07-27)', 'PL(2022-07-31)', 'SB(2022-07-31)', 'PL(2022-08-01)', 'SB(2022-08-02)', 'ENC(2022-08-04)', 'PL(2022-08-08)', 'SB(2022-08-18)', 'ENC(2022-08-19)', 'PL(2022-08-21)', 'PL(2022-08-22)', 'SB(2022-08-25)', 'PL(2022-08-30)', 'PL(2022-08-31)', 'ENC(2022-09-06)', 'ENC(2022-09-07)', 'PL(2022-09-12)', 'ENC(2022-09-29)', 'PL(2022-10-02)', 'ENC(2022-10-03)', 'SB(2022-10-04)', 'ENC(2022-10-06)', 'PL(2022-10-09)']
S:K417N,S:N440K,S:S443P,S:L452R	26	2022-07-11	2022-10-06	['ENC(2022-07-11)', 'SB(2022-07-12)', 'SB(2022-07-14)', 'ENC(2022-07-20)', 'PL(2022-07-24)', 'PL(2022-07-25)', 'PL(2022-07-27)', 'PL(2022-07-31)', 'SB(2022-07-31)', 'PL(2022-08-01)', 'ENC(2022-08-01)', 'ENC(2022-08-04)', 'PL(2022-08-08)', 'SB(2022-08-18)', 'PL(2022-08-22)', 'PL(2022-08-30)', 'ENC(2022-09-07)', 'SB(2022-09-08)', 'ENC(2022-09-12)', 'PL(2022-09-12)', 'SB(2022-09-15)', 'ENC(2022-09-20)', 'ENC(2022-09-23)', 'ENC(2022-09-29)', 'SB(2022-10-04)', 'ENC(2022-10-06)']
S:K417N,S:N440K,S:L452R,S:L461P	25	2022-07-04	2022-10-16	['PL(2022-07-04)', 'PL(2022-07-06)', 'SB(2022-07-14)', 'PL(2022-07-18)', 'SB(2022-07-19)', 'ENC(2022-07-20)', 'PL(2022-07-24)', 'PL(2022-07-25)', 'PL(2022-07-31)', 'SB(2022-07-31)', 'PL(2022-08-01)', 'SB(2022-08-02)', 'ENC(2022-08-04)', 'SB(2022-08-11)', 'ENC(2022-08-19)', 'SB(2022-08-23)', 'ENC(2022-08-23)', 'SB(2022-08-25)', 'ENC(2022-08-25)', 'PL(2022-09-12)', 'ENC(2022-09-13)', 'ENC(2022-10-03)', 'SB(2022-10-04)', 'PL(2022-10-09)', 'PL(2022-10-16)']
S:C336R,S:G339D	25	2022-06-02	2022-10-05	['SB(2022-06-02)', 'SB(2022-06-05)', 'PL(2022-06-05)', 'PL(2022-06-08)', 'ENC(2022-06-28)', 'PL(2022-07-05)', 'PL(2022-07-11)', 'ENC(2022-07-13)', 'SB(2022-07-14)', 'ENC(2022-07-28)', 'PL(2022-07-31)', 'PL(2022-08-01)', 'ENC(2022-08-01)', 'PL(2022-08-02)', 'ENC(2022-08-04)', 'ENC(2022-08-19)', 'ENC(2022-08-23)', 'SB(2022-08-25)', 'PL(2022-08-30)', 'SB(2022-08-30)', 'PL(2022-09-12)', 'SB(2022-09-13)', 'PL(2022-09-14)', 'PL(2022-09-28)', 'PL(2022-10-05)']
S:K417N,S:N440K,S:L441P,S:L452R	23	2022-07-18	2022-10-16	['PL(2022-07-18)', 'ENC(2022-07-20)', 'PL(2022-07-24)', 'PL(2022-07-25)', 'PL(2022-07-27)', 'PL(2022-07-31)', 'SB(2022-07-31)', 'PL(2022-08-01)', 'ENC(2022-08-01)', 'ENC(2022-08-04)', 'PL(2022-08-08)', 'SB(2022-08-18)', 'PL(2022-08-30)', 'PL(2022-08-31)', 'ENC(2022-09-07)', 'PL(2022-09-12)', 'ENC(2022-09-13)', 'PL(2022-09-14)', 'ENC(2022-09-20)', 'ENC(2022-09-23)', 'SB(2022-10-04)', 'PL(2022-10-11)', 'PL(2022-10-16)']
S:K417N,S:N440K,S:D442G,S:L452R	21	2022-07-12	2022-10-17	['SB(2022-07-12)', 'PL(2022-07-12)', 'SB(2022-07-14)', 'PL(2022-07-24)', 'PL(2022-07-31)', 'SB(2022-07-31)', 'PL(2022-08-01)', 'ENC(2022-08-04)', 'ENC(2022-08-08)', 'PL(2022-08-08)', 'PL(2022-08-21)', 'ENC(2022-09-06)', 'PL(2022-09-12)', 'SB(2022-09-15)', 'PL(2022-10-02)', 'PL(2022-10-03)', 'SB(2022-10-04)', 'ENC(2022-10-06)', 'PL(2022-10-09)', 'ENC(2022-10-14)', 'PL(2022-10-17)']
S:K417N,S:N440K,S:N450S,S:L452R	18	2022-07-04	2022-10-06	['PL(2022-07-04)', 'SB(2022-07-14)', 'PL(2022-07-18)', 'PL(2022-07-25)', 'PL(2022-07-31)', 'PL(2022-08-01)', 'ENC(2022-08-04)', 'PL(2022-08-08)', 'PL(2022-08-22)', 'SB(2022-08-23)', 'PL(2022-08-30)', 'PL(2022-09-12)', 'SB(2022-09-15)', 'PL(2022-09-25)', 'SB(2022-09-27)', 'PL(2022-10-02)', 'SB(2022-10-04)', 'ENC(2022-10-06)']
S:K417N,S:N440K,S:V445P,S:G446S,S:N460K,S:DEL463	18	2023-01-19	2023-10-19	['ENC(2023-01-19)', 'SB(2023-03-09)', 'PL(2023-06-25)', 'PL(2023-06-27)', 'PL(2023-07-05)', 'PL(2023-07-17)', 'PL(2023-08-21)', 'PL(2023-08-22)', 'PL(2023-08-23)', 'PL(2023-08-27)', 'SB(2023-08-29)', 'PL(2023-08-30)', 'SB(2023-09-05)', 'PL(2023-09-13)', 'PL(2023-09-20)', 'ENC(2023-10-05)', 'PL(2023-10-10)', 'SB(2023-10-19)']
S:N460K,S:K462L,S:DEL463	17	2022-12-09	2023-10-11	['ENC(2022-12-09)', 'PL(2023-01-16)', 'PL(2023-01-17)', 'PL(2023-01-18)', 'PL(2023-08-20)', 'PL(2023-08-21)', 'PL(2023-08-22)', 'PL(2023-08-23)', 'PL(2023-08-27)', 'PL(2023-09-20)', 'ENC(2023-09-27)', 'ENC(2023-10-05)', 'SB(2023-10-08)', 'PL(2023-10-08)', 'PL(2023-10-09)', 'PL(2023-10-10)', 'PL(2023-10-11)']
S:K417N,S:C432R,S:N440K,S:L452R	16	2022-07-18	2022-10-11	['PL(2022-07-18)', 'ENC(2022-07-20)', 'PL(2022-07-24)', 'PL(2022-07-25)', 'PL(2022-07-27)', 'SB(2022-07-31)', 'ENC(2022-08-19)', 'SB(2022-08-23)', 'SB(2022-08-25)', 'ENC(2022-09-12)', 'PL(2022-09-13)', 'ENC(2022-09-29)', 'ENC(2022-10-03)', 'SB(2022-10-04)', 'ENC(2022-10-06)', 'PL(2022-10-11)']
S:K417N,S:V433A,S:N440K,S:L452R	16	2022-07-12	2022-10-04	['SB(2022-07-12)', 'PL(2022-07-12)', 'PL(2022-07-25)', 'PL(2022-07-27)', 'SB(2022-08-02)', 'ENC(2022-08-04)', 'PL(2022-08-08)', 'PL(2022-08-22)', 'SB(2022-08-25)', 'PL(2022-08-30)', 'ENC(2022-09-01)', 'ENC(2022-09-12)', 'PL(2022-09-12)', 'ENC(2022-09-21)', 'ENC(2022-10-03)', 'SB(2022-10-04)']
S:K417N,S:I418T,S:N440K,S:L452R	15	2022-06-05	2022-11-21	['SB(2022-06-05)', 'PL(2022-07-04)', 'ENC(2022-07-08)', 'ENC(2022-07-20)', 'PL(2022-07-25)', 'PL(2022-07-31)', 'PL(2022-08-01)', 'ENC(2022-08-04)', 'SB(2022-08-18)', 'ENC(2022-08-19)', 'PL(2022-09-12)', 'PL(2022-09-13)', 'PL(2022-10-09)', 'PL(2022-10-30)', 'ENC(2022-11-21)']
S:K417N,S:N437S,S:N440K,S:L452R	14	2022-07-04	2022-10-11	['PL(2022-07-04)', 'PL(2022-07-12)', 'SB(2022-07-14)', 'PL(2022-07-18)', 'PL(2022-07-27)', 'PL(2022-08-01)', 'SB(2022-08-02)', 'ENC(2022-08-04)', 'PL(2022-08-08)', 'PL(2022-08-14)', 'SB(2022-08-23)', 'SB(2022-08-25)', 'SB(2022-10-04)', 'PL(2022-10-11)']
S:K462L,S:DEL463	14	2022-12-04	2023-10-11	['PL(2022-12-04)', 'PL(2023-01-16)', 'rerun(2023-02-12)', 'ENC(2023-02-17)', 'PL(2023-08-20)', 'PL(2023-08-21)', 'PL(2023-08-22)', 'PL(2023-08-23)', 'PL(2023-08-27)', 'ENC(2023-10-05)', 'PL(2023-10-08)', 'PL(2023-10-09)', 'PL(2023-10-10)', 'PL(2023-10-11)']
S:K417N,S:N439D,S:N440K,S:L452R	14	2022-07-12	2022-10-17	['SB(2022-07-12)', 'SB(2022-08-02)', 'PL(2022-08-08)', 'PL(2022-08-14)', 'PL(2022-08-22)', 'SB(2022-08-23)', 'SB(2022-08-25)', 'PL(2022-08-30)', 'ENC(2022-09-05)', 'PL(2022-09-12)', 'ENC(2022-09-23)', 'ENC(2022-10-03)', 'PL(2022-10-09)', 'ENC(2022-10-17)']
S:K417N,S:N440K,S:L452R,S:F464S	14	2022-07-12	2022-10-26	['SB(2022-07-12)', 'SB(2022-07-14)', 'PL(2022-07-25)', 'PL(2022-07-27)', 'SB(2022-07-31)', 'PL(2022-08-01)', 'SB(2022-08-02)', 'PL(2022-08-08)', 'PL(2022-08-22)', 'SB(2022-08-23)', 'SB(2022-08-25)', 'PL(2022-08-30)', 'PL(2022-09-13)', 'PL(2022-10-26)']
S:K417N,S:N440K,S:V445P,S:G446S,S:DEL463	13	2023-01-19	2023-10-19	['ENC(2023-01-19)', 'PL(2023-07-17)', 'PL(2023-08-20)', 'PL(2023-08-21)', 'PL(2023-08-22)', 'PL(2023-08-23)', 'PL(2023-08-27)', 'PL(2023-08-30)', 'ENC(2023-10-05)', 'PL(2023-10-08)', 'PL(2023-10-09)', 'PL(2023-10-10)', 'SB(2023-10-19)']
S:K417N,S:N440K,S:L452R,S:D467G	13	2022-07-14	2022-10-21	['SB(2022-07-14)', 'PL(2022-07-18)', 'PL(2022-07-27)', 'PL(2022-07-31)', 'SB(2022-07-31)', 'PL(2022-08-01)', 'PL(2022-08-08)', 'SB(2022-08-18)', 'PL(2022-08-22)', 'SB(2022-09-25)', 'SB(2022-10-04)', 'PL(2022-10-09)', 'SB(2022-10-21)']
S:K417N,S:N440K,S:L452R,S:K458E	12	2022-07-12	2022-10-04	['SB(2022-07-12)', 'SB(2022-07-14)', 'PL(2022-07-18)', 'PL(2022-07-27)', 'PL(2022-08-01)', 'SB(2022-08-02)', 'ENC(2022-08-04)', 'PL(2022-08-08)', 'SB(2022-08-18)', 'PL(2022-08-30)', 'PL(2022-09-12)', 'SB(2022-10-04)']
S:K417N,S:N440K,S:Y449H,S:L452R	12	2022-07-04	2022-10-19	['PL(2022-07-04)', 'ENC(2022-07-13)', 'PL(2022-07-25)', 'PL(2022-07-27)', 'PL(2022-07-31)', 'PL(2022-08-01)', 'PL(2022-08-08)', 'PL(2022-08-30)', 'PL(2022-08-31)', 'PL(2022-09-12)', 'PL(2022-10-11)', 'SB(2022-10-19)']
S:K417N,S:I434T,S:N440K,S:L452R	12	2022-07-12	2022-12-26	['SB(2022-07-12)', 'PL(2022-07-24)', 'PL(2022-07-27)', 'PL(2022-07-31)', 'ENC(2022-08-04)', 'PL(2022-08-08)', 'PL(2022-08-30)', 'PL(2022-09-12)', 'SB(2022-10-04)', 'PL(2022-10-16)', 'PL(2022-10-26)', 'PL(2022-12-26)']
S:K417N,S:F429S,S:N440K,S:L452R	10	2022-07-27	2022-10-09	['PL(2022-07-27)', 'SB(2022-07-31)', 'SB(2022-08-02)', 'ENC(2022-08-04)', 'PL(2022-08-08)', 'PL(2022-08-22)', 'PL(2022-09-12)', 'PL(2022-09-13)', 'SB(2022-09-27)', 'PL(2022-10-09)']
S:K417D,S:N440K,S:L452R	10	2022-07-04	2022-10-04	['PL(2022-07-04)', 'ENC(2022-07-20)', 'PL(2022-07-24)', 'PL(2022-07-27)', 'SB(2022-08-18)', 'SB(2022-08-25)', 'PL(2022-08-30)', 'PL(2022-09-12)', 'ENC(2022-09-29)', 'SB(2022-10-04)']
S:G416E,S:K417N,S:N440K,S:L452R	10	2022-06-08	2022-11-08	['PL(2022-06-08)', 'PL(2022-07-04)', 'ENC(2022-07-08)', 'SB(2022-07-14)', 'PL(2022-07-31)', 'PL(2022-08-01)', 'PL(2022-08-30)', 'SB(2022-09-15)', 'SB(2022-10-04)', 'PL(2022-11-08)']
S:K417N,S:N440K,S:V445P,S:G446S,S:K462L,S:DEL463	9	2023-08-20	2023-10-10	['PL(2023-08-20)', 'PL(2023-08-21)', 'PL(2023-08-22)', 'PL(2023-08-23)', 'PL(2023-08-27)', 'ENC(2023-10-05)', 'PL(2023-10-08)', 'PL(2023-10-09)', 'PL(2023-10-10)']
S:K417N,S:N440K,S:G446S,S:N460K,S:K462L,S:DEL463	9	2022-11-10	2023-10-10	['rerun(2022-11-10)', 'rerun(2022-11-14)', 'PL(2022-11-16)', 'ENC(2023-01-19)', 'PL(2023-08-20)', 'PL(2023-08-22)', 'PL(2023-08-23)', 'ENC(2023-10-05)', 'PL(2023-10-10)']
S:K417N,S:N440K,S:L452R,S:R457G	9	2022-07-31	2022-10-31	['PL(2022-07-31)', 'PL(2022-08-01)', 'ENC(2022-08-04)', 'PL(2022-08-21)', 'ENC(2022-08-29)', 'ENC(2022-10-03)', 'SB(2022-10-04)', 'SB(2022-10-10)', 'rerun(2022-10-31)']
S:K417N,S:N440K,S:L452R,S:Y453C	6	2022-07-24	2022-10-19	['PL(2022-07-24)', 'PL(2022-08-08)', 'ENC(2022-08-19)', 'PL(2022-08-21)', 'PL(2022-10-11)', 'PL(2022-10-19)']
S:K417N,S:N422S,S:N440K,S:L452R	6	2022-07-27	2022-10-06	['PL(2022-07-27)', 'PL(2022-08-14)', 'PL(2022-08-22)', 'ENC(2022-09-23)', 'SB(2022-10-04)', 'ENC(2022-10-06)']
S:K417N,S:K424R,S:N440K,S:L452R	6	2022-07-31	2022-10-04	['SB(2022-07-31)', 'PL(2022-08-01)', 'PL(2022-08-08)', 'PL(2022-08-22)', 'ENC(2022-09-29)', 'SB(2022-10-04)']
S:Q414R,S:K417N,S:N440K,S:L452R	6	2022-07-18	2022-09-13	['PL(2022-07-18)', 'SB(2022-07-31)', 'PL(2022-08-01)', 'ENC(2022-08-04)', 'ENC(2022-08-19)', 'SB(2022-09-13)']
S:N440K,S:L452R,S:R466G,S:S477N,S:T478K,S:E484A,S:F486V	6	2022-07-31	2022-09-15	['PL(2022-07-31)', 'PL(2022-08-01)', 'ENC(2022-08-01)', 'ENC(2022-08-04)', 'PL(2022-08-30)', 'SB(2022-09-15)']
S:K417N,S:G431D,S:N440K,S:L452R	6	2022-06-13	2022-10-21	['PL(2022-06-13)', 'PL(2022-07-25)', 'SB(2022-07-31)', 'PL(2022-08-01)', 'PL(2022-08-31)', 'SB(2022-10-21)']
S:K417N,S:L425S,S:N440K,S:L452R	6	2022-07-11	2022-10-06	['ENC(2022-07-11)', 'SB(2022-07-12)', 'PL(2022-07-27)', 'PL(2022-08-21)', 'ENC(2022-09-01)', 'ENC(2022-10-06)']
S:N460K,S:DEL463	6	2023-08-20	2023-10-10	['PL(2023-08-20)', 'PL(2023-08-22)', 'PL(2023-08-23)', 'ENC(2023-10-05)', 'PL(2023-10-08)', 'PL(2023-10-10)']
S:K417N,S:N440K,S:L452R,S:F456S	5	2022-07-18	2022-10-04	['PL(2022-07-18)', 'PL(2022-08-01)', 'ENC(2022-08-04)', 'PL(2022-08-08)', 'SB(2022-10-04)']
S:F338S,S:G339D	5	2022-07-13	2022-09-21	['ENC(2022-07-13)', 'PL(2022-07-27)', 'PL(2022-08-01)', 'PL(2022-08-02)', 'SB(2022-09-21)']
S:K417N,S:P426L,S:N440K,S:L452R	5	2022-07-19	2022-10-04	['SB(2022-07-19)', 'PL(2022-08-08)', 'PL(2022-08-14)', 'PL(2022-08-31)', 'SB(2022-10-04)']
S:K417N,S:N440K,S:L452R,S:R454G	5	2022-07-31	2022-10-09	['SB(2022-07-31)', 'PL(2022-08-01)', 'SB(2022-09-15)', 'SB(2022-10-04)', 'PL(2022-10-09)']
S:N440K,S:L452Q,S:S477N,S:T478K,S:E484A,S:Q493V	5	2022-06-02	2022-06-14	['SB(2022-06-02)', 'SB(2022-06-05)', 'PL(2022-06-05)', 'PL(2022-06-08)', 'SB(2022-06-14)']
S:K417N,S:N440K,S:L452R,S:DEL463	5	2022-07-27	2022-11-22	['PL(2022-07-27)', 'PL(2022-08-01)', 'PL(2022-09-04)', 'ENC(2022-09-20)', 'SB(2022-11-22)']
S:K417N,S:A419T,S:N440K,S:L452R	5	2022-07-12	2022-10-04	['SB(2022-07-12)', 'PL(2022-07-18)', 'PL(2022-08-22)', 'ENC(2022-10-03)', 'SB(2022-10-04)']
S:N440K,S:L452R,S:D467G,S:S477N,S:T478K,S:E484A,S:F486V	4	2022-07-04	2022-08-31	['PL(2022-07-04)', 'PL(2022-08-01)', 'ENC(2022-08-04)', 'PL(2022-08-31)']
S:K417N,S:N440K,S:G446G,S:L452Q	4	2022-06-06	2022-06-30	['ENC(2022-06-06)', 'SB(2022-06-07)', 'PL(2022-06-08)', 'SB(2022-06-30)']
S:K417N,S:N440K,S:L452R,S:N460D	4	2022-07-31	2022-10-04	['SB(2022-07-31)', 'PL(2022-08-01)', 'PL(2022-08-08)', 'SB(2022-10-04)']
S:K417N,S:N437D,S:N440K,S:L452R	4	2022-07-25	2022-10-04	['PL(2022-07-25)', 'SB(2022-07-31)', 'SB(2022-08-18)', 'SB(2022-10-04)']
S:K417N,S:N440K,S:L452Q,S:R466G	4	2022-06-05	2022-06-08	['SB(2022-06-05)', 'PL(2022-06-05)', 'SB(2022-06-07)', 'PL(2022-06-08)']
S:G413R,S:K417N,S:N440K,S:L452R	4	2022-05-10	2022-11-21	['PL(2022-05-10)', 'ENC(2022-07-20)', 'ENC(2022-08-04)', 'ENC(2022-11-21)']
S:G413V,S:K417N,S:N440K,S:L452R	4	2022-07-12	2022-10-14	['SB(2022-07-12)', 'PL(2022-08-14)', 'ENC(2022-10-06)', 'ENC(2022-10-14)']
S:P412L,S:K417N,S:N440K,S:L452R	4	2022-07-24	2022-10-24	['PL(2022-07-24)', 'PL(2022-08-08)', 'PL(2022-10-16)', 'ENC(2022-10-24)']
S:K417N,S:S438P,S:N440K,S:L452Q	4	2022-06-05	2022-06-14	['PL(2022-06-05)', 'ENC(2022-06-06)', 'SB(2022-06-07)', 'SB(2022-06-14)']
S:K417N,S:N440E,S:L452Q	3	2022-06-06	2022-06-08	['ENC(2022-06-06)', 'SB(2022-06-07)', 'PL(2022-06-08)']
S:N440K,S:L441P,S:L452R,S:S477N,S:T478K,S:E484A,S:F486V	3	2022-07-04	2022-08-04	['PL(2022-07-04)', 'PL(2022-08-01)', 'ENC(2022-08-04)']
S:K417N,S:N440K,S:Y451C,S:L452R	3	2022-07-18	2022-09-13	['PL(2022-07-18)', 'ENC(2022-07-28)', 'ENC(2022-09-13)']
S:N440K,S:L452R,S:L461P,S:S477N,S:T478K,S:E484A,S:F486V	3	2022-07-04	2022-08-31	['PL(2022-07-04)', 'ENC(2022-08-04)', 'PL(2022-08-31)']
S:E484A,S:F486V,S:Q498R,S:N501Y,S:Y505H,S:L513P	3	2022-07-18	2022-08-01	['PL(2022-07-18)', 'SB(2022-07-31)', 'PL(2022-08-01)']
S:K417N,S:N440K,S:L452Q,S:S459P	3	2022-06-06	2022-06-13	['ENC(2022-06-06)', 'SB(2022-06-07)', 'PL(2022-06-13)']
S:K417N,S:W436R,S:N440K	3	2022-06-08	2022-10-26	['PL(2022-06-08)', 'PL(2022-07-12)', 'PL(2022-10-26)']
S:K417N,S:N439S,S:N440K,S:L452Q	3	2022-06-05	2022-06-08	['SB(2022-06-05)', 'SB(2022-06-07)', 'PL(2022-06-08)']
S:K417N,S:N437I,S:N440K,S:L452R	3	2022-09-29	2022-11-08	['ENC(2022-09-29)', 'PL(2022-10-17)', 'PL(2022-11-08)']
S:N440K,S:K444T,S:L452R,S:K462N	3	2022-11-14	2023-01-03	['rerun(2022-11-14)', 'PL(2022-12-06)', 'PL(2023-01-03)']
S:K417N,S:N440K,S:L452Q,S:Y453H	3	2022-06-05	2022-06-08	['PL(2022-06-05)', 'SB(2022-06-07)', 'PL(2022-06-08)']
S:K417N,S:N440K,S:Y449C,S:L452R	3	2022-07-14	2022-08-25	['SB(2022-07-14)', 'SB(2022-08-18)', 'SB(2022-08-25)']
S:G416G,S:K417N,S:N440K,S:L452Q	3	2022-06-06	2022-07-31	['ENC(2022-06-06)', 'SB(2022-06-07)', 'SB(2022-07-31)']
S:K417N,S:N440K,S:S443P,S:L452Q	3	2022-06-06	2022-06-08	['ENC(2022-06-06)', 'SB(2022-06-07)', 'PL(2022-06-08)']
S:K417N,S:C432Y,S:N440K,S:L452R	3	2022-08-08	2022-10-10	['PL(2022-08-08)', 'SB(2022-10-04)', 'SB(2022-10-10)']
S:N440K,S:L452R,S:E471G,S:S477N,S:T478K,S:E484A,S:F486V	3	2022-07-04	2022-08-30	['PL(2022-07-04)', 'PL(2022-08-01)', 'PL(2022-08-30)']
S:N440K,S:L452R,S:K458E,S:S477N,S:T478K,S:E484A,S:F486V	3	2022-07-31	2022-08-31	['PL(2022-07-31)', 'ENC(2022-08-01)', 'PL(2022-08-31)']
S:K417N,S:N440K,S:L452R,S:I468F	3	2022-07-08	2022-08-08	['ENC(2022-07-08)', 'PL(2022-07-24)', 'PL(2022-08-08)']
S:K417N,S:N440K,S:L452Q,S:K462R	2	2022-06-07	2022-06-08	['SB(2022-06-07)', 'PL(2022-06-08)']
S:G413S,S:K417N,S:N440K	2	2023-07-04	2023-09-05	['SB(2023-07-04)', 'PL(2023-09-05)']
S:K417N,S:A435V,S:N440K,S:L452Q	2	2022-06-05	2022-06-07	['PL(2022-06-05)', 'SB(2022-06-07)']
S:T415I,S:K417N,S:N440K,S:L452R	2	2022-07-04	2022-10-02	['PL(2022-07-04)', 'PL(2022-10-02)']
S:K417N,S:F429L,S:N440K,S:L452R	2	2022-08-25	2022-10-17	['ENC(2022-08-25)', 'ENC(2022-10-17)']
S:K417N,S:N440K,S:N450D,S:L452R,S:K458R	2	2022-09-27	2022-10-11	['SB(2022-09-27)', 'ENC(2022-10-11)']
S:N440K,S:L452R,S:S477N,S:T478K,S:G482C,S:E484A,S:F486V	2	2022-09-14	2022-10-17	['PL(2022-09-14)', 'PL(2022-10-17)']
S:G413W,S:K417N,S:N440K,S:L452R	2	2022-08-08	2022-10-17	['PL(2022-08-08)', 'PL(2022-10-17)']
S:K417N,S:N440K,S:L452Q,S:D467G	2	2022-06-07	2022-06-08	['SB(2022-06-07)', 'PL(2022-06-08)']
S:K417N,S:A419T,S:N440K,S:L452Q	2	2022-06-05	2022-06-06	['PL(2022-06-05)', 'ENC(2022-06-06)']
S:T415P,S:K417N,S:N440K,S:L452R	2	2022-07-24	2022-10-03	['PL(2022-07-24)', 'ENC(2022-10-03)']
S:K417N,S:N440K,S:L452Q,S:K458E	2	2022-06-07	2022-06-08	['SB(2022-06-07)', 'PL(2022-06-08)']
S:K417N,S:N440K,S:L452Q,S:L461P	2	2022-06-07	2022-06-08	['SB(2022-06-07)', 'PL(2022-06-08)']
S:K417N,S:N440K,S:L441P,S:L452Q	2	2022-06-05	2022-06-06	['PL(2022-06-05)', 'ENC(2022-06-06)']
S:K417N,S:N440K,S:L452Q,S:E465G	2	2022-06-06	2022-06-07	['ENC(2022-06-06)', 'SB(2022-06-07)']
S:T415A,S:K417N,S:N440K,S:L452Q	2	2022-06-05	2022-06-07	['SB(2022-06-05)', 'SB(2022-06-07)']
S:N440K,S:L452R,S:E471K,S:S477N,S:T478K,S:E484A,S:F486V	2	2022-09-01	2022-09-13	['ENC(2022-09-01)', 'PL(2022-09-13)']
S:K417N,S:W436R,S:N440K,S:L452Q	2	2022-06-07	2022-06-08	['SB(2022-06-07)', 'PL(2022-06-08)']
S:N440K,S:L452Q,S:T478K,S:E484A,S:Q493V	2	2022-06-05	2022-06-08	['PL(2022-06-05)', 'PL(2022-06-08)']
S:N440K,S:S477N,S:T478K,S:E484A,S:Q493V	2	2022-06-05	2022-06-08	['PL(2022-06-05)', 'PL(2022-06-08)']
S:G413S,S:K417N,S:N440K,S:G446S	2	2022-12-11	2023-07-04	['PL(2022-12-11)', 'SB(2023-07-04)']
S:K417N,S:I418I,S:N440K,S:L452Q	2	2022-06-07	2022-06-08	['SB(2022-06-07)', 'PL(2022-06-08)']
S:K417N,S:A419A,S:N440K,S:L452Q	2	2022-06-05	2022-06-08	['PL(2022-06-05)', 'PL(2022-06-08)']
S:K417N,S:N437S,S:N440K,S:L452Q	2	2022-06-06	2022-06-08	['ENC(2022-06-06)', 'PL(2022-06-08)']
S:K417N,S:N440K,S:L452R,S:R466K	2	2022-08-07	2022-09-15	['SB(2022-08-07)', 'ENC(2022-09-15)']
S:K417N,S:N440K,S:L452R,S:R454K	2	2022-07-31	2022-09-26	['SB(2022-07-31)', 'ENC(2022-09-26)']
S:W436R,S:N440K,S:L452R	2	2022-07-18	2022-08-14	['ENC(2022-07-18)', 'PL(2022-08-14)']
S:E484A,S:F486V,S:Q498R,S:N501Y,S:G504C,S:Y505H	2	2022-07-31	2022-08-01	['PL(2022-07-31)', 'PL(2022-08-01)']
S:K417N,S:N440K,S:G447V,S:L452R	2	2022-07-31	2022-08-30	['PL(2022-07-31)', 'PL(2022-08-30)']
S:N440K,S:L452R,S:S459P,S:S477N,S:T478K,S:E484A,S:F486V	2	2022-07-31	2022-08-01	['PL(2022-07-31)', 'PL(2022-08-01)']
S:K417N,S:A435V,S:N440K,S:L452R	2	2022-08-01	2022-10-04	['PL(2022-08-01)', 'PL(2022-10-04)']
S:S438P,S:N440K,S:L452R	2	2022-09-15	2022-11-18	['SB(2022-09-15)', 'SB(2022-11-18)']
S:N440K,S:L452R,S:K462N	2	2022-09-15	2022-10-26	['SB(2022-09-15)', 'PL(2022-10-26)']
S:N440E,S:L452R,S:S477N,S:T478K,S:E484A,S:F486V	2	2022-08-01	2022-08-22	['PL(2022-08-01)', 'PL(2022-08-22)']
S:N440K,S:L452R,S:S477N,S:T478K,S:E484A,S:F486V,S:Y495C	2	2022-08-01	2022-08-22	['PL(2022-08-01)', 'PL(2022-08-22)']
S:K417N,S:A419S,S:N440K,S:L452R	2	2022-06-09	2022-09-27	['SB(2022-06-09)', 'ENC(2022-09-27)']
S:G416E,S:N440K,S:L452R	2	2022-07-24	2022-11-09	['PL(2022-07-24)', 'PL(2022-11-09)']
S:N440K,S:V445P,S:G446S,S:N460K,S:K462L,S:DEL463	2	2023-10-02	2023-10-03	['PL(2023-10-02)', 'PL(2023-10-03)']
S:G416E,S:K417N,S:N440K,S:V445P,S:G446S	2	2023-01-22	2023-01-23	['PL(2023-01-22)', 'SB(2023-01-23)']
S:K417N,S:N440K,S:DEL442,S:L452R	2	2022-08-14	2022-09-14	['PL(2022-08-14)', 'ENC(2022-09-14)']
S:K417N,S:N440K,S:N450S,S:L452Q	2	2022-05-11	2022-06-08	['ENC(2022-05-11)', 'PL(2022-06-08)']
S:K417N,S:N440K,S:L452R,S:L461F	2	2022-09-12	2022-10-11	['PL(2022-09-12)', 'ENC(2022-10-11)']
S:N440K,S:L452R,S:S477N,S:T478K,S:E484A,S:F486V,S:P491L	2	2022-08-19	2022-09-12	['ENC(2022-08-19)', 'PL(2022-09-12)']
S:K417N,S:N440K,S:L452R,S:P463L	2	2022-09-12	2022-10-31	['PL(2022-09-12)', 'PL(2022-10-31)']
S:E484A,S:F486V,S:Q498R,S:N501Y,S:Y505H,S:R509G	2	2022-10-06	2022-11-04	['ENC(2022-10-06)', 'ENC(2022-11-04)']
S:K417N,S:W436L,S:N440K,S:L452R	2	2022-07-20	2022-11-04	['ENC(2022-07-20)', 'ENC(2022-11-04)']
S:K417N,S:N440K,S:L452R,S:R466T	2	2022-07-20	2022-09-13	['ENC(2022-07-20)', 'ENC(2022-09-13)']
S:K417N,S:G431C,S:N440K,S:L452R	2	2022-06-30	2022-07-25	['SB(2022-06-30)', 'PL(2022-07-25)']
S:K417N,S:N440K,S:N450K,S:L452R	2	2022-07-12	2022-07-18	['SB(2022-07-12)', 'PL(2022-07-18)']
S:N440K,S:D442G,S:L452R,S:S477N,S:T478K,S:E484A,S:F486V	2	2022-08-01	2022-08-31	['PL(2022-08-01)', 'PL(2022-08-31)']
S:N440K,S:L452R,S:S477N,S:T478K,S:C480R,S:E484A,S:F486V	2	2022-08-01	2022-08-21	['PL(2022-08-01)', 'PL(2022-08-21)']
S:K417N,S:N440K,S:L452R,S:K462L,S:DEL463	2	2022-07-27	2022-09-20	['PL(2022-07-27)', 'ENC(2022-09-20)']
S:K417D,S:N440K,S:L452Q	2	2022-05-16	2022-06-07	['ENC(2022-05-16)', 'SB(2022-06-07)']
S:N440K,S:L452R,S:R457M,S:S477N,S:T478K,S:E484A,S:F486V	2	2022-06-08	2022-08-15	['PL(2022-06-08)', 'ENC(2022-08-15)']
S:K417N,S:W436C,S:N440K,S:L452R	2	2022-10-06	2022-10-31	['ENC(2022-10-06)', 'PL(2022-10-31)']
